,0
0,steptracker.healthandfitness.walkingtracker.pedometer
1,com.sec.android.app.shealth
2,com.androidapps.healthmanager
3,com.droidinfinity.healthplus
4,women.workout.female.fitness
5,loseweightapp.loseweightappforwomen.womenworkoutathome
6,com.google.android.apps.fitness
7,homeworkout.homeworkouts.noequipment
8,loseweight.weightloss.workout.fitness
9,com.popularapp.thirtydayfitnesschallenge
10,com.huawei.health
11,com.fitifyworkouts.bodyweight.workoutapp
12,com.fiton.android
13,fat.burnning.plank.fitness.loseweight
14,com.fitatu.tracker
15,digifit.virtuagym.client.android
16,workoutforwomen.femalefitness.womenworkout.loseweight
17,losebellyfat.flatstomach.absworkout.fatburning
18,com.myfitnesspal.android
19,com.runtastic.android.results.lite
20,softin.my.fast.fitness
21,com.stt.android
22,com.sillens.shapeupclub
23,workout.homeworkouts.workouttrainer
24,de.gymondo.app.gymondo
25,com.bendingspoons.thirtydayfitness
26,com.imperon.android.gymapp
27,cc.pacer.androidapp
28,com.best.fit
29,net.workoutinc.seven_7minutesfitness_forwomen
30,com.veryfit2hr.second
31,com.eightfit.app
32,stretching.stretch.exercises.back
33,com.popularapp.sevenmins
34,menloseweight.loseweightappformen.weightlossformen
35,com.home.workouts.professional
36,com.axiommobile.weightloss
37,dumbbellworkout.dumbbellapp.homeworkout
38,com.veevapps.womanfitness
39,splits.splitstraining.dothesplits.splitsin30days
40,com.winwalk.android
41,fatburningworkout.feeltheburn.burnfatworkout
42,com.hansdinslage.connect.HealthForYou
43,com.bluefish.heartrate
44,com.yazio.android
45,armworkout.armworkoutformen.armexercises
46,com.vgfit.shefit
47,com.sportractive
48,com.pedometer.stepcounter.tracker
49,com.corusen.accupedo.te
50,pedometer.steptracker.calorieburner.stepcounter
51,com.stepsappgmbh.stepsapp
52,easypedeometer.herzberg.com.stepcounter
53,com.zeopoxa.pedometer
54,health.step.walk
55,melstudio.myogafat
56,walking.weightloss.walk.tracker
57,je.fit
58,com.kaylaitsines.sweatwithkayla
59,com.freeletics.lite
60,com.axiommobile.running
61,com.caynax.sportstracker
62,pedometer.stepcounter.calorieburner.pedometerforwalking
63,com.bitscoffee.ActivityTracker
64,digifit.virtuagym.foodtracker
65,com.skyhealth.fitnessbuddyandroidfree
66,com.nike.ntc
67,runningforweightloss.runningapp.runningtracker
68,com.despdev.homeworkoutchallenge
69,com.kaleidosstudio.natural_remedies
70,com.bodbot.trainer
71,com.bluecorner.totalgym
72,com.sudo.den.stepcounter
73,com.github.jamesgay.fitnotes
74,lostweight.workout.fitness
75,com.std.fitness.point
76,com.gotokeep.keep.intl
77,com.drink.water.reminder.alarm.tracker
78,com.gen.workoutme
79,fitness.fitprosport
80,sixpack.sixpackabs.absworkout
81,com.coderays.mudras
82,com.mapmyfitness.android2
83,com.vgfit.gofitness
84,com.divinememorygames.pedometer
85,com.fitapp
86,com.apzumi.mobile.dietlabs.dietByAnn
87,com.mindbodyonline.connect
88,com.best.fit.home
89,tv.accedo.ott.flow.cyberobics.now
90,com.outthinking.weightloss
91,si.modula.android.instantheartrate
92,softin.ny.women.fitness.miss.bikini
93,com.bodybuilding.rise
94,com.powerups.plank
95,org.myworkouts
96,com.grinasys.fwl
97,com.dailyyoga.inc
98,com.centr.app
99,com.outthinking.yogaworkout
100,com.freshminds.weburn
101,com.mycrew
102,com.gen.betterwalking
103,com.gotokeep.yoga.intl
104,io.strongapp.strong
105,nl.appyhapps.healthsync
106,com.fitzeee.fitzeeerun
107,com.wearablelab.fitnessmate
108,com.nicola.sporttrack
109,org.angel.heartmonitorfree.activities
110,com.appyfurious.getfit
111,air.com.KalromSystems.BestAbsFitness
112,com.azumio.android.argus
113,com.fitnow.loseit
114,net.female.fitness.women.workout
115,com.fitiv.fitivapplication
116,com.fitdigits.icardio.app
117,fi.polar.beat
118,com.cardiogram.v1
119,com.medical.guide_health.diet.tips
120,com.outthinking.plankworkout
121,com.welltory.client.android
122,de.egym.mobile.android
123,de.womenshealth.personaltrainer
124,com.spartanbodyweightworkouts.free
125,com.mapmywalk.android2
126,am.fitfit.loseweight30days
127,com.FitnessPetsRelease
128,com.walkfit.weightloss.steptracker.pedometer
129,com.sixtostart.thewalk2
130,com.skimble.workouts
131,com.taka.femaleworkout
132,com.corusen.aplus
133,com.techbull.olympia
134,com.vratsev.bpex
135,com.anthonyng.workoutapp
136,com.diet_and_workout_plan
137,pedometer.accurate.stepcounter
138,com.fitbit.FitbitMobile
139,melstudio.mpilates
140,pedometer.stepcounter.calorie
141,com.center.healthclub
142,com.tinymission.dailyworkoutsfree
143,melstudio.mback
144,fitness.online.app
145,com.hantata.fitness.workout
146,com.jcs.fitsw
147,com.fivestars.thirtydayfitnesschallenge.loseweight
148,com.lge.lifetracker
149,com.repsi.heartrate
150,com.fitness22.bodyweightworkout
151,com.Heafit.losebellyfat.weightlossapp
152,com.gen.bettermen
153,com.fitzeee.pedometerwalking
154,com.fivestars.dailyyoga.yogaworkout
155,walking.workout.weightloss
156,com.texode.facefitness
157,com.samantharoobol.workoutforwomen
158,com.withings.wiscale2
159,com.fitifyapps.bwcore
160,com.bwf.hiit.workout.abs.challenge.home.fitness
161,melstudio.mneck
162,com.instatrendapps.losebellyfat
163,com.wahoofitness.fitness
164,net.workoutinc.yoga.beginners.free.workouts.studio
165,com.hazard.homeworkouts
166,com.wsl.noom
167,com.popularapp.thirtydayfitnesschallengepro
168,com.androidapps.bodymassindex
169,com.fitness.center.seven.minute.workout
170,net.kurdsofts.fitnesskar
171,melstudio.mfat
172,com.fitvate.gymworkout
173,com.macropinch.hydra.android
174,com.workout.workout
175,com.jeet.healthydiet
176,com.gymhelper.gymmanager
177,pedometer.pacer.counter
178,com.HomeFitness.Yoga
179,com.fourdesire.spacewalk
180,fitness.abs.butt.gymworkout.loseweight.exercises
181,pedometer.simple.accurate
182,com.axiommobile.sportsman
183,com.tayu.tau.pedometer
184,com.dietcoacher.sos
185,de.menshealth.personaltrainer
186,com.nexample.martinmazanec.foamrollercoachapp
187,com.ssstudio.thirtydayhomeworkouts
188,com.playlabs.pedometer.steps.calorie.counter
189,appinventor.ai_agiapplications.CountYourSteps
190,com.thestepupapp.stepup
191,com.fitnesskeeper.runkeeper.pro
192,com.hazard.yoga.yogadaily
193,com.bodyfast
194,net.p4p.butt30day
195,tdr.fitness.bodybuilding.plan
196,air.com.KalromSystems.BestArmsFitness
197,com.devsergeykozhevnikov.fitnesspro
198,com.tinymission.dailycardioworkoutfree
199,net.workoutinc.seven_7_minutes_workouts_challenge
200,com.taka.homeworkout
201,com.powerups.abs
202,com.lomol.workout.fitness
203,hu.vidumanszky.faceyoga
204,co.thefabulous.app
205,com.fitonomy.health.fitness
206,com.fitnesshome.loseweight.freeapps
207,rs.telego.fitness
208,com.bellyfatfemale.weightlossworkout.loseweight30days
209,com.sonymobile.lifelog
210,de.sanitas_online.healthcoach
211,com.elink.fittrackhealth.pro
212,com.droidfoundry.workouts
213,com.tuneonn.healthtips
214,com.origamistudios.fittogether
215,com.lf.lfvtandroid
216,com.outthinking.aerobicsexercise
217,life.vrhealth.mobile
218,com.homeworkouts.bodybuilding
219,com.strava
220,com.healthkart.healthkart
221,com.meditation.live
222,com.artiomapps.workout.fitnessathome
223,musclebooster.workout.home.gym.abs.loseweight
224,com.ssstudio.yogadailyfitness
225,de.yogaeasy.videoapp
226,ai.peakersinc.peakers
227,com.bluefish.BMICalculator
228,ch.sphtechnology.sphcycling
229,com.fitnessapps.yogakidsworkouts
230,com.dungelin.pedometer
231,com.weightloos.days
232,com.fitness.workoutwomen
233,com.sdgcode.runningcaloriecounter
234,com.appsforlife.Pedometer
235,com.woman.home.workout
236,com.aadhk.lite.bptracker
237,sa.soulsapp.healthtracker
238,com.shvagerfm.Warmup
239,pl.mobiem.android.fitwoman
240,com.bickster.walkbeforeyourun
241,com.loseweightapp.thirtydaysfitness_workoutathome
242,com.simprosys.herbalhealthcare
243,knocklock.health.nutrition.foodguide.nutritionsforall.healthyfood
244,com.btfit
245,com.fivestars.womenworkout.femalefitness
246,femaleworkout.pro.workouts.home.femalefitnesswomenworkout
247,com.ohealthstudio.flatstomachworkout
248,buttocksworkout.hipsworkout.bootyworkout.legworkouts
249,com.ohealthstudio.womenworkout
